FungusName,NCBITaxonomyID,Phylum,Class,Order,Family,Genus,Compounds_List
Agaricus pseudopratensis  (Bohus) Wasser,314554,Basidiomycota,Agaricomycetes,Agaricales,Agaricaceae,Agaricus,"5α,8α-Epidioxy-24(S)-methylcholesta-6,22-dien-3β-ol"
Amanita abrupta Peck,78360,Basidiomycota,Agaricomycetes,Agaricales,Amanitaceae,Amanita,"(2S,4Z)-2-amino-5-chloro-6-hydroxy-4-hexenoic acid, Allenic norleucine, L-2-Amino-4-pentynoic acid"
"Amanita albolimbata  J.E.I. Codjia, N.S. Yorou & Zhu L. Yang",2779467,Basidiomycota,Agaricomycetes,Agaricales,Amanitaceae,Amanita,"Phallacidin, α-Amanitin, β-Amanitin"
"Amanita altipes Zhu L. Yang, M. Weiss & Oberw.",262234,Basidiomycota,Agaricomycetes,Agaricales,Amanitaceae,Amanita,"Ibotenic acid, Muscimol"
Amanita bisporigera G.F. Atk.,87325,Basidiomycota,Agaricomycetes,Agaricales,Amanitaceae,Amanita,"Amanin, Phallacidin, Phalloidin, α-Amanitin, β-Amanitin"
"Amanita brunneitoxicaria Thongbai, Rasp & K.D. Hyde",1978194,Basidiomycota,Agaricomycetes,Agaricales,Amanitaceae,Amanita,α-Amanitin
Amanita brunneolocularis Tulloss & Franco-Mol.,699465,Basidiomycota,Agaricomycetes,Agaricales,Amanitaceae,Amanita,α-Amanitin
Amanita castanopsidis Hongo,1838053,Basidiomycota,Agaricomycetes,Agaricales,Amanitaceae,Amanita,"(4Z)-2-Amino-5-chloro-4-pentenoic acid, 2-Amino-3-cyclopropyl-butanoic acid"
Amanita chepangiana Tulloss & Bhandary,67699,Basidiomycota,Agaricomycetes,Agaricales,Amanitaceae,Amanita,α-Amanitin
Amanita citrina (Schaeff.) Pers.,67700,Basidiomycota,Agaricomycetes,Agaricales,Amanitaceae,Amanita,"Bufotenin, Phalloidin, α-Amanitin"
Amanita citrina var. citrina,235538,Basidiomycota,Agaricomycetes,Agaricales,Amanitaceae,Amanita,"Ibotenic acid, Muscimol"
"Amanita colombiana Tulloss, Ovrebo & Halling",1749408,Basidiomycota,Agaricomycetes,Agaricales,Amanitaceae,Amanita,α-Amanitin
"Amanita concentrica  T. Oda, C. Tanaka & Tsuda",188874,Basidiomycota,Agaricomycetes,Agaricales,Amanitaceae,Amanita,Muscimol
Amanita exitialis Zhu L. Yang & T.H. Li,262245,Basidiomycota,Agaricomycetes,Agaricales,Amanitaceae,Amanita,"Amaninamide, Phallacidin, Phallacin, Phallisacin, Phallisin, Phalloidin, Phalloin, α-Amanitin, β-Amanitin"
Amanita flavoconia G.F. Atk.,71931,Basidiomycota,Agaricomycetes,Agaricales,Amanitaceae,Amanita,α-Amanitin
Amanita fritillaria Sacc.,67706,Basidiomycota,Agaricomycetes,Agaricales,Amanitaceae,Amanita,α-Amanitin
Amanita fuliginea Hongo,67708,Basidiomycota,Agaricomycetes,Agaricales,Amanitaceae,Amanita,"Amanin, Phallacidin, Phallisacin, Phallisin, Phalloidin, Phalloin, α-Amanitin, β-Amanitin"
"Amanita fuligineodisca Tulloss, Ovrebo & Halling",699466,Basidiomycota,Agaricomycetes,Agaricales,Amanitaceae,Amanita,α-Amanitin
Amanita fuligineoides P.Zhang & Zhu L. Yang,580329,Basidiomycota,Agaricomycetes,Agaricales,Amanitaceae,Amanita,"Phallacidin, Phalloidin, α-Amanitin, β-Amanitin"
Amanita gemmata (Fr.) Bertill.,67710,Basidiomycota,Agaricomycetes,Agaricales,Amanitaceae,Amanita,Muscimol
"Amanita griseopantherina Y.Y. Cui, Q. Cai & Zhu L. Yang",262246,Basidiomycota,Agaricomycetes,Agaricales,Amanitaceae,Amanita,Muscimol
Amanita griseoverrucosa Zhu L. Yang,262262,Basidiomycota,Agaricomycetes,Agaricales,Amanitaceae,Amanita,"α-Amanitin, β-Amanitin"
Amanita gymnopus Corner & Bas,1621049,Basidiomycota,Agaricomycetes,Agaricales,Amanitaceae,Amanita,"(S)-2-Amino-5-hexenoic acid, (S)-2-Amino-5-hexynoic acid, 2-Amino-5-chloro-4-hydroxy-5-hexenoic acid, L-2-Aminohexa-4,5-dienoic acid, α-Amanitin"
Amanita humboldtii Singer,699467,Basidiomycota,Agaricomycetes,Agaricales,Amanitaceae,Amanita,α-Amanitin
"Amanita ibotengutake T. Oda, C. Tanaka & Tsuda",188935,Basidiomycota,Agaricomycetes,Agaricales,Amanitaceae,Amanita,"Ibotenic acid, Muscimol"
Amanita japonica Hongo ex Bas,67715,Basidiomycota,Agaricomycetes,Agaricales,Amanitaceae,Amanita,α-Amanitin
Amanita kotohiraensis Nagas. & Mitani,578074,Basidiomycota,Agaricomycetes,Agaricales,Amanitaceae,Amanita,"α-Amanitin, β-Amanitin"
Amanita muscaria (L.) Lam.,41956,Basidiomycota,Agaricomycetes,Agaricales,Amanitaceae,Amanita,"Ibotenic acid, Muscazone, Muscimol, α-Amanitin"
Amanita neo-ovoidea Hongo,223910,Basidiomycota,Agaricomycetes,Agaricales,Amanitaceae,Amanita,Allenic norleucine
Amanita oberwinklerana Zhu L. Yang & Yoshim. Doi,3049723,Basidiomycota,Agaricomycetes,Agaricales,Amanitaceae,Amanita,"Phallisin, β-Amanitin"
Amanita ocreata Peck,235532,Basidiomycota,Agaricomycetes,Agaricales,Amanitaceae,Amanita,"α-Amanitin, β-Amanitin"
Amanita pallidorosea P. Zhang & Zhu L. Yang,1324310,Basidiomycota,Agaricomycetes,Agaricales,Amanitaceae,Amanita,"Phalloidin, α-Amanitin, β-Amanitin"
Amanita pantherina (DC.) Krombh.,67721,Basidiomycota,Agaricomycetes,Agaricales,Amanitaceae,Amanita,"(22E,24R)-5α,8α-Epidioxyergosta-6,9,22-trien-3β-ol, (22E,24R)-5α,8α-epidioxyergosta-6,22-dien-3β-ol, (22E,24R)-Ergosta-7,22-diene-3β,5α,6α,9α-tetrol, (22E,24R)-Ergosta-7,22-diene-3β,5α,6β,9α-tetrol, (22E,24R)-Ergosta-7,22-diene-3β,5α,6β-triol, (22E,24R)-Ergosta-8,14,22-diene-3β,5α,6β,9α-tetrol, (24S)-5α,8α-Epidioxyergost-6-en-3β-ol, (24s)-Ergosta-7-ene-3beta,5alpha,6beta-triol, (2R)-2-Hydroxy-N-[(1S,2R,3E,7E)-2-hydroxy-1-(hydroxymethyl)-8-methyl-3,7-heptadecadien-1-yl]hexadecanamide, (2R)-2-Hydroxy-N-[(1S,2R,3E,7E)-2-hydroxy-1-(hydroxymethyl)-8-methyl-3,7-heptadecadien-1-yl]pentadecanamide, (2R)-2-Hydroxy-N-[(1S,2R,3E,7E)-2-hydroxy-1-(hydroxymethyl)-8-methyl-3,7-heptadecadien-1-yl]tetradecanamide, (3S,5R,6R,10R,13R,14R,17R)-17-[(E,2R,5R)-5,6-dimethylhept-3-en-2-yl]-10,13-dimethyl-1,2,3,4,6,12,14,15,16,17-decahydrocyclopenta[a]phenanthrene-3,5,6-triol, (3S,5R,6R,9S,10R,13R,14R,17R)-10,13-dimethyl-17-[(2R)-6-methyl-5-methylideneheptan-2-yl]-1,2,3,4,6,9,11,12,14,15,16,17-dodecahydrocyclopenta[a]phenanthrene-3,5,6-triol, 1,10-Dimethyl 2-decenedioate, 2-amino-3-(1,2-dicarboxyethylthio)propanoic acid, 3β,5α,9α-trihydroxyergosta-7,22-diene-6-one, 5α,6α:8α,9α-Diepoxy-(22E,24R)-ergost-22-ene-3β,7α-diol, Dehydroergosterol, Ibotenic acid, L-stizolobinic acid, Muscarine, Muscimol, Pantheric acid A, Pantheric acid B, Pantheric acid C, Stellasterol"
Amanita phalloides  (Fr.) Link,67723,Basidiomycota,Agaricomycetes,Agaricales,Amanitaceae,Amanita,"Amanin, Amaninamide, Amanullinic acid, Muscarine, Phallacidin, Phallacin, Phallin B, Phallisacin, Phallisin, Phalloidin, Phalloin, Proamanullin, Prophalloin, α-Amanitin, β-Amanitin, γ-Amanitin, ε-Amanitin"
Amanita porphyria Alb. & Schwein.,78358,Basidiomycota,Agaricomycetes,Agaricales,Amanitaceae,Amanita,"Bufotenin, α-Amanitin"
Amanita pseudoporphyria Hongo,67725,Basidiomycota,Agaricomycetes,Agaricales,Amanitaceae,Amanita,"Allenic norleucine, α-Amanitin, β-Amanitin"
"Amanita pseudosychnopyramis Y.Y. Cui, Q. Cai & Zhu L. Yang",1821588,Basidiomycota,Agaricomycetes,Agaricales,Amanitaceae,Amanita,"Ibotenic acid, Muscarine, Muscimol"
Amanita rimosa P. Zhang & Zhu L. Yang,580330,Basidiomycota,Agaricomycetes,Agaricales,Amanitaceae,Amanita,"Phallacidin, Phalloidin, α-Amanitin, β-Amanitin"
Amanita rubescens Pers.,71933,Basidiomycota,Agaricomycetes,Agaricales,Amanitaceae,Amanita,α-Amanitin
Amanita rubrovolvata S. Imai,67727,Basidiomycota,Agaricomycetes,Agaricales,Amanitaceae,Amanita,"Ibotenic acid, Muscimol"
"Amanita sinocitrina Zhu L. Yang, Zuo H. Chen & Z. G. Zhang",2303127,Basidiomycota,Agaricomycetes,Agaricales,Amanitaceae,Amanita,Bufotenin
Amanita smithiana Bas,1004520,Basidiomycota,Agaricomycetes,Agaricales,Amanitaceae,Amanita,Allenic norleucine
Amanita solitaria  (Bull.) Mérat,67729,Basidiomycota,Agaricomycetes,Agaricales,Amanitaceae,Amanita,"(4Z)-2-Amino-5-chloro-4-hexenoic acid, L-2-Aminohexa-4,5-dienoic acid"
"Amanita sororcula Tulloss, Ovrebo & Halling",1749409,Basidiomycota,Agaricomycetes,Agaricales,Amanitaceae,Amanita,"Phalloidin, α-Amanitin"
Amanita spissacea  S. Imai,78359,Basidiomycota,Agaricomycetes,Agaricales,Amanitaceae,Amanita,"(10E)-9-Oxo-10-octadecenoic acid (ACI), (9E)-8-Oxo-9-octadecenoic acid (ACI), (9E)-8-Oxo-9-octadecenoic acid, methyl ester, 9-Octadecenoic acid-2′,3′-dihydroxypropyl ester, Oleic Acid, Palmitic acid, β-Amanitin"
Amanita suballiacea (Murrill) Murrill,500611,Basidiomycota,Agaricomycetes,Agaricales,Amanitaceae,Amanita,"Alloviroidin, Phalloidin, α-Amanitin, β-Amanitin"
"Amanita subfuliginea Q. Cai, Zhu L. Yang & Y.Y. Cui",1506952,Basidiomycota,Agaricomycetes,Agaricales,Amanitaceae,Amanita,"α-Amanitin, β-Amanitin"
Amanita subglobosa Z.L. Yang,67732,Basidiomycota,Agaricomycetes,Agaricales,Amanitaceae,Amanita,"Ibotenic acid, Muscimol"
Amanita subjunquillea S. Imai,67733,Basidiomycota,Agaricomycetes,Agaricales,Amanitaceae,Amanita,"(22E,24R)-5α,8α-Epidioxyergosta-6,9,22-trien-3β-ol, (22E,24R)-5α,8α-epidioxyergosta-6,22-dien-3β-ol, (24S)-ergost-7-en-3β-ol, 5α,6α-Epoxy-(22E,24R)-ergosta-8,22-diene-3β,7β-diol, 8,9-dihydrosoyacerebroside I, Phallacidin, Phallisacin, Phalloidin, Phalloin, Soyacerebroside I, α-Amanitin, β-Amanitin"
Amanita subpallidorosea Hai J. Li,1660029,Basidiomycota,Agaricomycetes,Agaricales,Amanitaceae,Amanita,"Amanullin, Phallacidin, Phallisin, Phalloidin, Viroidin, Viroisin, α-Amanitin, β-Amanitin, γ-Amanitin"
Amanita sychnopyramis Corner & Bas,67734,Basidiomycota,Agaricomycetes,Agaricales,Amanitaceae,Amanita,"Ibotenic acid, Muscimol"
Amanita verna (Bull.) Lam.,112270,Basidiomycota,Agaricomycetes,Agaricales,Amanitaceae,Amanita,"Phallacidin, Phalloidin, α-Amanitin, β-Amanitin, γ-Amanitin"
Amanita virgineoides Bas,67738,Basidiomycota,Agaricomycetes,Agaricales,Amanitaceae,Amanita,"(+)-Cyclopropylvirgine E, (+)-Cyclopropylvirgine F, (+)-Cyclopropylvirgine G, (-)-Cyclopropylvirgine E, (-)-Cyclopropylvirgine F, (-)-Cyclopropylvirgine G, (22E,24R)-Ergosta-7,22-diene-3β,5α,6α,9α-tetrol, (22E,24R)-Ergosta-7,22-diene-3β,5α,6β,9α-tetrol, (22E,24R)-Ergosta-7,22-diene-3β,5α,6β-triol, (24S)-Ergost-7-ene-3β,5α,6β,9α-tetrol, (24s)-Ergosta-7-ene-3beta,5alpha,6beta-triol, 5α,6α:8α,9α-Diepoxy-(22E,24R)-ergost-22-ene-3β,7α-diol, Cyclopropylvirgine A, Cyclopropylvirgine B, Cyclopropylvirgine C, Cyclopropylvirgine D, β-Amanitin"
Amanita virosa Bertill.,78357,Basidiomycota,Agaricomycetes,Agaricales,Amanitaceae,Amanita,"Amaninamide, Antamanide, Deoxoviroidin, Phallacidin, Phallacin, Phallisacin, Phallisin, Phalloidin, Viroidin, Viroisin, α-Amanitin, α-Viroidin"
"Amanita xylinivolva Tulloss, Ovrebo & Halling",699468,Basidiomycota,Agaricomycetes,Agaricales,Amanitaceae,Amanita,α-Amanitin
"Amanita flavopantherina Yang-Yang Cui, Qing Cai & Zhu L. Yang",2303091,Basidiomycota,Agaricomycetes,Agaricales,Amanitaceae,Amanita,"Ibotenic acid, Muscimol"
Amanita miculifera Bas & Hatan.,2303101,Basidiomycota,Agaricomycetes,Agaricales,Amanitaceae,Amanita,Allenic norleucine
Ampulloclitocybe clavipes (Pers.) Redhead [= Clitocybe clavipes (Pers.) Kumm.],56467,Basidiomycota,Agaricomycetes,Agaricales,Hygrophoraceae,Ampulloclitocybe,"(10E,12E)-9-Oxo-10,12-octadecadienoic acid (ACI), (9E)-8-Oxo-9-octadecenoic acid (ACI), 2,3-Dihydroxypropyl (9E,11E)-13-oxo-9,11-octadecadienoate, Clavilactone A, Clavilactone B, Clavilactone C, Clavilactone D, Clavilactone E, Clavilactone F, Clavilactone G, Clavilactone H, Clavilactone I, Clavilactone M, Clavilactone N, Clavilactone O, Clavilactone P, Clavipine A, Clavipine B, Clavipine C, Clavipol A, Clavipol B, Ethyl (9E)-8-oxo-9-hexadecenoate (ACI), Ethyl (9E)-8-oxo-9-octadecenoate (ACI)"
Baorangia pseudocalopus  (Hongo) G. Wu & Zhu L. Yang (= Boletus pseudocalopus Hongo),509536,Basidiomycota,Agaricomycetes,Boletales,Boletaceae,Baorangia,"(1R,2R)-2-Hydroxy-1-methylpropyl (11Z)-11-eicosenoate, (1R,2R)-2-Hydroxy-1-methylpropyl eicosanoate, (1R,2S)-2-Hydroxy-1-methylpropyl (11Z)-11-eicosenoate, (2R,4R)-4,5-dimethyl-8-[(2E,6E)-3,7,11-trimethyldodeca-2,6,10-trienyl]-3,4-dihydro-2H-chromene-2,7-diol, (2S,3S)-2-[(3E)-4,8-dimethylnona-3,7-dienyl]-2,7-dimethyl-3,4-dihydrochromene-3,5-diol, 4-(1-ethoxyethyl)-5-methyl-2-[(2E,6E)-3,7,11-trimethyldodeca-2,6,10-trienyl]benzene-1,3-diol, 4-(1-methoxyethyl)-5-methyl-2-((2E,6E)-3,7,11-trimethyldodeca-2,6,10-trienyl)benzene-1,3-diol, Confluentin, Grifolin, Methyl 11(Z)-eicosenoate, Methyl palmitoleate, Neogrifolin, Phenylethyl hydrodisulfide"
Bulgaria inquinans  (Pers.) Fr.,73172,Ascomycota,Leotiomycetes,Phacidiales,Phacidiaceae,Bulgaria,"Bulgareone A, Bulgareone B, Bulgarialactone A, Bulgarialactone B, Bulgarialactone C"
Caloboletus calopus (Pers.) Vizzini (= Boletus calopus Pers.),141855,Basidiomycota,Agaricomycetes,Boletales,Boletaceae,Caloboletus,"Boletunone A, Boletunone B, Cyclocalopin A, Cyclopinol, O-acetylcyclocalopin A"
Caloboletus radicans  (Pers.) Vizzini,2100787,Basidiomycota,Agaricomycetes,Boletales,Boletaceae,Caloboletus,"12,15-Dimethoxycyclocalopin A, 8-Deacetylcyclocalopin B, Cyclocalopin A-15-ol"
Candolleomyces candolleanus  (Fr.) D. Wächt. & A. Melzer [= Psathyrella candolleana  (Fr.) Maire],71730,Basidiomycota,Agaricomycetes,Agaricales,Psathyrellaceae,Candolleomyces,"Guanacastepene P, Guanacastepene Q, Guanacastepene R, Guanacastepene S, Guanacastepene T, Psathyrellanic Acid, Psathyrellin A, Psathyrellin B, Psathyrellin C, Psathyrellin D, Psathyrellin E, Psathyrin A, Psathyrin B"
Cantharocybe virosa (Manim. & K.B. Vrinda) T.K.A. Kumar (= Megacollybia virosa Manim. & K.B. Vrinda),1293537,Basidiomycota,Agaricomycetes,Agaricales,Psathyrellaceae,Cantharocybe,Coprine
Chlorophyllum molybdites (G. Mey.) Massee,34430,Basidiomycota,Agaricomycetes,Agaricales,Agaricaceae,Chlorophyllum,"(22E,24R)-3α-Ureido-ergosta-4,6,8(14),22-tetraene, (22E,24R)-5α,8α-Epidioxyergosta-6,9,22-trien-3β-ol, (22E,24R)-5α,8α-Epidioxyergosta-6,9,22-triene-3β-ol 3-O-β-D-glucopyranoside, (R)-4-(2,3-dihydroxypropanamido)benzoic acid, 5α,8α-Epidioxy-(22E,24R)-ergosta-6,22-diene-3β-ol 3-O-β-D-glucopyranoside"
Chlorophyllum neomastoideum (Hongo) Vellinga [= Macrolepiota neomastoidea (Hongo) Hongo],2172931,Basidiomycota,Agaricomycetes,Agaricales,Agaricaceae,Chlorophyllum,"Brassicastanol, Macrolepiotin"
Clitocybe dealbata (Sowerby) P. Kumm.,71875,Basidiomycota,Agaricomycetes,Agaricales,Clitocybaceae,Clitocybe,Muscarine
Clitocybe diatreta (Fr.) P. Kumm.,2937327,Basidiomycota,Agaricomycetes,Agaricales,Clitocybaceae,Clitocybe,Diatretol
Collybia rivulosa (Pers.) Z.M. He & Zhu L. Yang [= Clitocybe rivulosa (Pers.) P. Kumm.],1604702,Basidiomycota,Agaricomycetes,Agaricales,Clitocybaceae,Collybia,Muscarine
Conocybe apala (Fr.) Arnolds [= Conocybe lactea (J. Lange) Métrod; Conocybe albipes Hauskn.],229365,Basidiomycota,Agaricomycetes,Agaricales,Bolbitiaceae,Conocybe,Phalloidin
Conocybula cyanopus (G.F. Atk.) T. Bau & H. B. Song [= Conocybe cyanopus (G.F. Atk.) Kühner; Pholiotina cyanopus (G.F. Atk.) Singer],1276721,Basidiomycota,Agaricomycetes,Agaricales,Bolbitiaceae,Conocybula,"Aeruginascin, Baeocystin, Norbaeocystin, Psilocin, Psilocybin"
"Coprinopsis atramentaria (Bull.) Redhead, Vilgalys & Moncalvo [= Coprinus atramentarius (Bull.) Fr.]",71694,Basidiomycota,Agaricomycetes,Agaricales,Psathyrellaceae,Coprinopsis,"Coprine, Illudin C2, Illudin C3"
Cortinarius armillatus (Fr.) Fr.,70562,Basidiomycota,Agaricomycetes,Agaricales,Cortinariaceae,Cortinarius,Orellanine
Cortinarius henrici Reumaux,/,Basidiomycota,Agaricomycetes,Agaricales,Cortinariaceae,Cortinarius,Orellanine
Cortinarius orellanoides Rob. Henry,183889,Basidiomycota,Agaricomycetes,Agaricales,Cortinariaceae,Cortinarius,Orellanine
Cortinarius orellanus Fr.,165401,Basidiomycota,Agaricomycetes,Agaricales,Cortinariaceae,Cortinarius,Orellanine
Cortinarius rainierensis A.H. Sm. & D.E. Stuntz,/,Basidiomycota,Agaricomycetes,Agaricales,Cortinariaceae,Cortinarius,Orellanine
Cortinarius rubellus Cooke,86073,Basidiomycota,Agaricomycetes,Agaricales,Cortinariaceae,Cortinarius,Orellanine
Cortinarius speciosissimus Kühn & Romagn.,181881,Basidiomycota,Agaricomycetes,Agaricales,Cortinariaceae,Cortinarius,Orellanine
Cryptoporus volvatus  (Peck) Shear,40431,Basidiomycota,Agaricomycetes,Polyporales,Polyporaceae,Cryptoporus,"6′,6′′′-Cryptoporic acid G dimethyl ester, 6′-cryptoporic acid E methyl ester, 9-Formyl-4-hydroxy-6, 9-dimethyl-1-O-β-D-xylosopyranosyl-8a,9-dihydro-ace-naphthylen-8-one, Cryptoporic acid A, Cryptoporic acid B, Cryptoporic acid C, Cryptoporic acid D, Cryptoporic acid E, Cryptoporic acid F, Cryptoporic acid G, Cryptoporic acid R, Cryptoporic acid S, Cryptoporine A, Cryptoporol A, Cryptoporusal A"
Daldinia concentrica  (Bolton) Ces. & De Not.,42361,Ascomycota,Sordariomycetes,Xylariales,Xylariaceae,Daldinia,"(22E)-Cholesta-4,6,8(14),22-tetraen-3-one, 3β,22α-Dihydroxylanosta-7,9(11),24-triene, 4,4',5,5'-Tetrahydroxy-1,1'-binaphthyl, 4:5:4′:5′-tetrahydroxy-1:1′-binaphthyl (5), 3,4,5-trihydroxy-1-tetralone, Caruilignan D, Concentricol, Concentricol B, Concentricol C, Concentricol D, Concentricolide, Daldinan A, Daldinan B, Daldinan C, Daldinialanone, Daldiniapyrone, Daldinolide A, Daldinolide B, Daldinone A, Daldinone B, Daldiquinone, Orthosporin, Phenochalasin B"
Deconica merdaria (Fr.) Noordel [= Psilocybe merdaria (Fr.) Ricken],2744539,Basidiomycota,Agaricomycetes,Agaricales,Strophariaceae,Deconica,"(S)-4-(4-methylpent-3-en-1-yl)-butyrolactone, 11,14-Dihydroxylneoechinulin E"
Entoloma clypeatum  (L.) P. Kumm.,418785,Basidiomycota,Agaricomycetes,Agaricales,Entolomataceae,Entoloma,Clypeasterol
Entoloma rhodopolium (Fr.) P. Kumm. [= Rhodophyllus nidorosus (Fr.) Quél.; Rhodophyllus rhodopolius (Fr.) Quél.],181144,Basidiomycota,Agaricomycetes,Agaricales,Entolomataceae,Entoloma,D-Vinylglycine
Galerina autumnalis (Peck) A.H. Sm. & Singer,157599,Basidiomycota,Agaricomycetes,Agaricales,Strophariaceae,Galerina,"α-Amanitin, β-Amanitin, γ-Amanitin"
Galerina castaneipes A.H. Sm. & Singer,2307103,Basidiomycota,Agaricomycetes,Agaricales,Strophariaceae,Galerina,"α-Amanitin, β-Amanitin"
Galerina fasciculata Hongo,/,Basidiomycota,Agaricomycetes,Agaricales,Strophariaceae,Galerina,"α-Amanitin, β-Amanitin"
Galerina helvoliceps (Berk. & M.A. Curtis) Singer,/,Basidiomycota,Agaricomycetes,Agaricales,Strophariaceae,Galerina,"α-Amanitin, β-Amanitin"
Galerina marginata (Batsch) Kühner (= Agaricus marginatus  Batsch),109633,Basidiomycota,Agaricomycetes,Agaricales,Strophariaceae,Galerina,"α-Amanitin, β-Amanitin, γ-Amanitin"
Galerina sulciceps (Berk.) Boedijn,1891968,Basidiomycota,Agaricomycetes,Agaricales,Strophariaceae,Galerina,"α-Amanitin, β-Amanitin"
Galerina venenata A.H. Sm.,157607,Basidiomycota,Agaricomycetes,Agaricales,Strophariaceae,Galerina,"α-Amanitin, β-Amanitin"
Gymnopilus aeruginosus (Peck) Singer,181744,Basidiomycota,Agaricomycetes,Agaricales,Hymenogastraceae,Gymnopilus,"Gymnopilin A9, Phaeolschidin F"
Gymnopilus dilepis (Berk. & Broome) Singer,231916,Basidiomycota,Agaricomycetes,Agaricales,Hymenogastraceae,Gymnopilus,"Baeocystin, Psilocin, Psilocybin"
Gymnopilus imperialis (Speg.) Singer,241087,Basidiomycota,Agaricomycetes,Agaricales,Hymenogastraceae,Gymnopilus,Glisoprenin E
Gymnopilus junonius (Fr.) P.D. Orton,109634,Basidiomycota,Agaricomycetes,Agaricales,Hymenogastraceae,Gymnopilus,"Isotrichodermol, Isotrichojunol, Tremujunol"
Gymnopilus liquiritiae  (Pers.) P. Karst.,201078,Basidiomycota,Agaricomycetes,Agaricales,Hymenogastraceae,Gymnopilus,Psilocybin
"Gymnopilus orientispectabilis Nagas., Malloch & Thorn",2598215,Basidiomycota,Agaricomycetes,Agaricales,Hymenogastraceae,Gymnopilus,"(3S,9R,10R,13R,17R)-17-[(E,2R,5R)-5,6-dimethylhept-3-en-2-yl]-3-methoxy-10,13-dimethyl-2,3,9,11,12,15,16,17-octahydro-1H-cyclopenta[a]phenanthrene, Ergopyrone, Ergosta-7,9,22-trien-3β-ol, Gymnodimericin"
Gymnopilus spectabilis (Weinm.) A.H. Sm.,171613,Basidiomycota,Agaricomycetes,Agaricales,Hymenogastraceae,Gymnopilus,"(22E,24R)-5α,8α-epidioxyergosta-6,22-dien-3β-ol, (2′S) -1-O-(6,6-dimethoxyhexanol)-glycerol, (3S,8S)-deca-4,6-diyne-1,3,8-triol, 2,4,6-Octatriyn-1-ol, 2,4,6-Octatriynoic acid, methyl ester, 2-Allyl-1,4,5-trimethoxybenzene, 4,6-Decadiyne-1,3,8,10-tetrol, 4,6-Heptadiyn-3-ol, 6,38-Tetracontadiene-1,2,3,11,15,19,23,27,31,35-decol, 3,7,11,15,19,23,27,31,35,39-decamethyl- (9CI), 6,42-Tetratetracontadiene-1,2,3,11,15,19,23,27,31,35,39-undecol, 3,7,11,15,19,23,27,31,35,39,43-undecamethyl- (9CI), 6,46-Octatetracontadiene-1,2,3,11,15,19,23,27,31,35,39,43-dodecol, 3,7,11,15,19,23,27,31,35,39,43,47-dodecamethyl- (9CI), 9,12,13-Trihydroxyoctadeca-10(E),15(Z)-dienoic acid, Bisnoryangonin, Ergosta-4,6,8(14),22-Tetraen-3-One, Gymnopilene, Gymnopilin A10, Gymnopilin A9, Gymnopilin B11, Gymnopilin K, Gymnopilin(n = 5), Gymnopilin(n = 5, m = 3), Gymnopilin(n = 6), Gymnopilin(n = 6, m = 3), Gymnopilin(n = 7, m = 1), Gymnopilin(n = 7, m = 2), Gymnoprenol A10, Gymnoprenol A9, Gymnoprenol-D(n =10), Gymnoprenol-D(n =8), Gymnoprenol-D(n =9), Gymnoprenol-E(n = 7), Gymnoprenol-E(n = 8), Gymnoprenol-E(n = 9), Hispidin, Methyl 5-hydroxy-7-p-hydroxyphenysl-3-keto-4Z,6E-heptadienoate"
Gymnopilus viridans Murrill,/,Basidiomycota,Agaricomycetes,Agaricales,Hymenogastraceae,Gymnopilus,Psilocybin
Gyromitra antarctica Rehm,2728038,Ascomycota,Pezizomycetes,Pezizales,Discinaceae,Gyromitra,Gyromitrin
Gyromitra esculenta (Pers.) Fr.,33161,Ascomycota,Pezizomycetes,Pezizales,Discinaceae,Gyromitra,"1-Methyl-2-(2E)-2-octen-1-ylidenehydrazinecarboxaldehyde, 1-Methyl-2-(2Z)-2-octen-1-ylidenehydrazinecarboxaldehyde, 1-Methyl-2-octylidenehydrazinecarboxaldehyde, 1-Methyl-2-pentylidenehydrazinecarboxaldehyde, 2-Butylidene-1-methylhydrazinecarboxaldehyde, 3-Methylbutanal methylformylhydrazone, Gyromitrin, Hexanal methylformylhydrazone, Hydrazinecarboxaldehyde"
Gyromitra splendida Raitv.,991127,Ascomycota,Pezizomycetes,Pezizales,Discinaceae,Gyromitra,Gyromitrin
"Gyromitra venenata Hai J. Li, Z.H. Chen & Zhu L. Yang",2857109,Ascomycota,Pezizomycetes,Pezizales,Discinaceae,Gyromitra,Gyromitrin
Hebeloma crustuliniforme (Bull.) Quél.,34454,Basidiomycota,Agaricomycetes,Agaricales,Hymenogastraceae,Hebeloma,HS-A
Hebeloma spoliatum (Fr.) Gillet,/,Basidiomycota,Agaricomycetes,Agaricales,Hymenogastraceae,Hebeloma,"HS-A, HS-B, HS-C"
Hebeloma vinosophyllum Hongo,246641,Basidiomycota,Agaricomycetes,Agaricales,Hymenogastraceae,Hebeloma,"Hebevinoside XIII, Hebevinoside XIV, Hebevinoside Ⅰ, Hebevinoside Ⅱ, Hebevinoside Ⅲ, Hebevinoside Ⅳ, Hebevinoside Ⅴ, Hebevinoside Ⅵ, Hebevinoside Ⅶ, Hebevinoside Ⅷ, Hebevinoside Ⅸ, Hebevinoside Ⅹ, Hebevinoside Ⅺ, Hebevinoside Ⅻ"
Helvella crispa Bulliard,315228,Ascomycota,Pezizomycetes,Pezizales,Helvellaceae,Helvella,Gyromitrin
Helvella elastica  Bulliard,155154,Ascomycota,Pezizomycetes,Pezizales,Helvellaceae,Helvella,"(22E,24R)-5α,8α-epidioxyergosta-6,22-dien-3β-ol, Ergosta-5,22-dien-3β-ol, Palmitic acid"
Hypholoma australianum Redhead,2493788,Basidiomycota,Agaricomycetes,Agaricales,Strophariaceae,Hypholoma,"Fascicularone B, Fascicularone C, Fascicularone D, Fasciculol C, Fasciculol E, Fasciculol F"
Hypholoma capnoides (Fr.) P. Kumm. (= Naematoloma capnoides),86069,Basidiomycota,Agaricomycetes,Agaricales,Strophariaceae,Hypholoma,"Capnoidol A, Capnoidol B, Capnoidone A, Capnoidone B, Capnoidone C, Capnoidone D, Capnoidone E, Capnoidone F, Capnoidone G, Fascicularone A, Fascicularone B, Fascicularone G"
Hypholoma fasciculare (Huds.) P. Kumm. [= Naematoloma fasciculare (Pers.: Fr.) Singer],72129,Basidiomycota,Agaricomycetes,Agaricales,Strophariaceae,Hypholoma,"Fascicularone A, Fascicularone B, Fasciculic acid A, Fasciculic acid B, Fasciculic acid C, Fasciculic acid D, Fasciculic acid E, Fasciculic acid F, Fasciculol A, Fasciculol B, Fasciculol C, Fasciculol D, Fasciculol E, Fasciculol F, Fasciculol G, Fasciculol H, Fasciculol I, Fasciculol J, Fasciculol K, Fasciculol L, Fasciculol M, Muscarine, Naematolin B, Naematolin C, Naematolin G, Nematolin, Sublateriol C"
Hypholoma lateritium (Schaeff.) P. Kumm.,2082196,Basidiomycota,Agaricomycetes,Agaricales,Strophariaceae,Hypholoma,"Fasciculic acid B, Fasciculol C, Fasciculol E, Fasciculol F"
Infundibulicybe gibba (Pers.) Harmaja [= Clitocybe gibba (Pers.) P. Kumm. = Agaricus gibbus  Pers.],378275,Basidiomycota,Agaricomycetes,Agaricales,Tricholomatineae incertae sedis,Infundibulicybe,Muscarine
Inocybe aeruginascens Babos,755238,Basidiomycota,Agaricomycetes,Agaricales,Inocybaceae,Inocybe,"Aeruginascin, Baeocystin, Psilocin, Psilocybin"
"Inocybe chondroderma D.E. Stuntz ex Matheny, Norvell & E.C. Giles",1340035,Basidiomycota,Agaricomycetes,Agaricales,Inocybaceae,Inocybe,Muscarine
Inocybe corydalina Quél.,165582,Basidiomycota,Agaricomycetes,Agaricales,Inocybaceae,Inocybe,"Aeruginascin, Baeocystin, Norbaeocystin, Psilocin, Psilocybin"
Inocybe leiocephala  D.E. Stuntz,240314,Basidiomycota,Agaricomycetes,Agaricales,Inocybaceae,Inocybe,Muscarine
Inocybe lilacina  (Peck) Kauffman[= Inocybe geophylla var. lilacina  (Peck) Gillet; Inocybe lilacina var. lilacina],71955,Basidiomycota,Agaricomycetes,Agaricales,Inocybaceae,Inocybe,"4α-methyl-3α,4β-dihydroxy-ergost-8,24(28)-dien-7,11- dion-25-al"
"Inocybe marginata Matheny, Aime & T.W. Henkel",1148794,Basidiomycota,Agaricomycetes,Agaricales,Inocybaceae,Inocybe,Muscarine
Inocybe napipes  J. E. Lange,226590,Basidiomycota,Agaricomycetes,Agaricales,Inocybaceae,Inocybe,Muscarine
"Inocybe pileosulcata E. Horak, Matheny & Desjardin",1745707,Basidiomycota,Agaricomycetes,Agaricales,Inocybaceae,Inocybe,Muscarine
Inocybe scissa (E. Horak) Garrido,517573,Basidiomycota,Agaricomycetes,Agaricales,Inocybaceae,Inocybe,Muscarine
Inocybe serotina Peck,240323,Basidiomycota,Agaricomycetes,Agaricales,Inocybaceae,Inocybe,Muscarine
Inocybe xerophytica Pegler,517602,Basidiomycota,Agaricomycetes,Agaricales,Inocybaceae,Inocybe,Muscarine
"Inosperma hainanense Y.G. Fan, L.S. Deng, W.J. Yu & N.K. Zeng",/,Basidiomycota,Agaricomycetes,Agaricales,Inocybaceae,Inosperma,Muscarine
"Inosperma vinaceobrunneum (Matheny, Ovrebo & Kudzma) Haelew. (= Inocybe vinaceobrunnea Matheny, Ovrebo & Kudzma)",2610862,Basidiomycota,Agaricomycetes,Agaricales,Inocybaceae,Inosperma,Muscarine
Lactarius blennius (Fr.) Fr.,152933,Basidiomycota,Agaricomycetes,Russulales,Russulaceae,Lactarius,"3-O-Ethyllactarolide A, Lactarolide A, Lactarolide B"
Lactarius chrysorrheus Fr.,111135,Basidiomycota,Agaricomycetes,Russulales,Russulaceae,Lactarius,"Blennin C, Chrysorrhelactone, Lactaroscrobiculide A"
Lactarius hirtipes  J. Z. Ying,1403710,Basidiomycota,Agaricomycetes,Russulales,Russulaceae,Lactarius,"2β,α-epoxy-6Z,9Z-humuladien-8α-ol"
Lactarius lignyotus  Fr.,152938,Basidiomycota,Agaricomycetes,Russulales,Russulaceae,Lactarius,"Geranylgeranyl-1,4-hydroquinone"
Lactarius necator  (Bull.) Pers.,152940,Basidiomycota,Agaricomycetes,Russulales,Russulaceae,Lactarius,"Necatorin, Necatorone"
Lactarius pallidus Pers.,152941,Basidiomycota,Agaricomycetes,Russulales,Russulaceae,Lactarius,"3-O-Ethyllactarolide B, Lactarolide A, Lactarolide B"
Lactarius repraesentaneus  Britzelm.,239216,Basidiomycota,Agaricomycetes,Russulales,Russulaceae,Lactarius,"Repraesentin A, Repraesentin B, Repraesentin C, Repraesentin D, Repraesentin E, Repraesentin F"
Lactarius rufus  (Scop.) Fr.,213058,Basidiomycota,Agaricomycetes,Russulales,Russulaceae,Lactarius,Lactarorufin A
Lactarius scrobiculatus (Scop.) Fr.,93011,Basidiomycota,Agaricomycetes,Russulales,Russulaceae,Lactarius,"(5R)-5,7,7-trimethyl-5,8-dihydro-4H-azuleno[5,6-c]furan, (5aS,8aR,9S)-9-hydroxy-7,7-dimethyl-5-methylidene-4,5a,6,8,8a,9-hexahydro-1H-azuleno[5,6-c]furan-3-one, (8aS,9R)-5,7,7-trimethyl-6,8,8a,9-tetrahydro-4H-azuleno[5,6-c]furan-9-ol, 2-(2-(4,4-Dimethyl-1-cyclopentenyl)-propyl)-3-formyl-2-buten-4-olide, 3-epi-Furandiol, 3H,5H-4a,7a-Epoxyazuleno[5,6-c]furan-1,4-dione, 6,7-dihydro-6,6,8-trimethyl- (9CI), 3H-Indeno[4,5-c]furan-3-one, 1,6,7,8-tetrahydro-5,7,7-trimethyl- (9CI, ACI), Anhydrolactarorufin A, Azuleno[5,6-c]furan-1,4-dione, 3,5,6,7,8,9-hexahydro-8-hydroxy-6,6,8-trimethyl-, (S)- (9CI), Azuleno[5,6-c]furan-3(1H)-one, 5,6,7,8,9,9a-hexahydro-6,6,8-trimethyl-, (8S-cis)- (9CI), Blennin C, Chrysorrhedial, Chrysorrhelactone, Furanether A, Furanether B, Furoscrobiculin A, Furoscrobiculin B, Furoscrobiculin C, Furoscrobiculin D, Lactaral, Lactardial, Lactarolide A, Lactarolide B, Lactaroscrobiculide A, Lactaroscrobiculide B, Lactarotropone, Scrobicalol"
Lactifluus piperatus (L.) Kuntze [= Lactarius piperatus (L.) Pers.],71966,Basidiomycota,Agaricomycetes,Russulales,Russulaceae,Lactifluus,"7α,8α-Dihydroxy-5,13-marasmanolide"
Lactifluus subvellereus  (Peck) Nuytinck,1837270,Basidiomycota,Agaricomycetes,Russulales,Russulaceae,Lactarius,"Subvellerolactone B, Subvellerolactone D, Subvellerolactone E"
Lactifluus vellereus (Fr.) Kuntze [= Lactarius vellereus (Fr.) Fr.],152950,Basidiomycota,Agaricomycetes,Russulales,Russulaceae,Lactifluus,"7α,8α-Dihydroxy-5,13-marasmanolide"
Laeticutis cristata (Schaeff.) Audet [= Albatrellus cristatus (Schaeff.) Kotl. & Pouzar],234796,Basidiomycota,Agaricomycetes,Russulales,Russulales incertae sedis,Laeticutis,2-O-acetylatromentin
Lanmaoa asiatica G. Wu & Zhu L. Yang,1603062,Basidiomycota,Agaricomycetes,Boletales,Boletaceae,Lanmaoa,Vulpinic acid
"Lanmaoa macrocarpa N.K. Zeng, H. Chai & S. Jiang",2528262,Basidiomycota,Agaricomycetes,Boletales,Boletaceae,Lanmaoa,Vulpinic acid
Lepiota brunneoincarnata Chodat & C. Martín,201213,Basidiomycota,Agaricomycetes,Agaricales,Agaricaceae,Lepiota,"Amanin, Amaninamide, Phallacidin, Phalloidin, α-Amanitin, β-Amanitin, γ-Amanitin"
Lepiota elaiophylla Vellinga & Huijser,182863,Basidiomycota,Agaricomycetes,Agaricales,Agaricaceae,Lepiota,"α-Amanitin, β-Amanitin"
Lepiota spiculata Pegler,2562147,Basidiomycota,Agaricomycetes,Agaricales,Agaricaceae,Lepiota,α-Amanitin
Lepiota subincarnata J.E. Lange,56170,Basidiomycota,Agaricomycetes,Agaricales,Agaricaceae,Lepiota,"α-Amanitin, β-Amanitin, γ-Amanitin"
Lepiota venenata  Zhu L. Yang & Z.H. Chen,2136145,Basidiomycota,Agaricomycetes,Agaricales,Agaricaceae,Lepiota,α-Amanitin
Leucocoprinus birnbaumii (Corda) Singer,56174,Basidiomycota,Agaricomycetes,Agaricales,Agaricaceae,Leucocoprinus,"Birnbaumin A, Birnbaumin B"
"Macropsalliota americana (Peck) Kun L. Yang, Jia Y. Lin & Zhu L. Yang [= Leucoagaricus americanus (Peck) Vellinga; Lepiota americana; Leucocoprinus americanus]",56171,Basidiomycota,Agaricomycetes,Agaricales,Agaricaceae,Macropsalliota,"Lepiotaquinone, Questiomycin A"
Maublancomyces gigas  (Krombh.) Herter [= Discina gigas (Krombh.) Eckblad; Gyromitra gigas (Krombh.) Cooke],1032678,Ascomycota,Pezizomycetes,Pezizales,Discinaceae,Maublancomyces,Gyromitrin
Mycena haematopus  (Pers.) P. Kumm.,230807,Basidiomycota,Agaricomycetes,Agaricales,Mycenaceae,Mycena,"Haematopodin B, Mycenaflavin A, Mycenaflavin B, Mycenaflavin C, Mycenaflavin D, Mycenarubin D, Mycenarubin E, Mycenarubin F"
Mycena pelianthina (Fr.) Quél.,646160,Basidiomycota,Agaricomycetes,Agaricales,Mycenaceae,Mycena,Muscarine
Mycena pura (Pers.) P. Kumm.,153505,Basidiomycota,Agaricomycetes,Agaricales,Mycenaceae,Mycena,Puraquinonic acid
Neoboletus magnificus  (W.F. Chiu) Gelardi et al. (= Boletus magnificus  W.F. Chiu),374759,Basidiomycota,Agaricomycetes,Boletales,Boletaceae,Neoboletus,"(8E, 10E)-7-oxo-8, 10- heptadecadienoic acid, (Z)-N-(3-hydroxybutyl)-4- decene, 1-(3'-hydroxybutyl) -2-carbaldehyde-1H-pyrrole, 1-(3'-hydroxybutyl)-5-(hydroxymethyl)- 2-carbalde-hyde-1H-pyrrole, 2, 3, 4-trihy-droxy-N-phenethylbutanamide, N-(3-hydroxybu-tyl) octanamide"
Neolentinus lepideus  (Fr.) Redhead & Ginns,38799,Basidiomycota,Agaricomycetes,Gloeophyllales,Gloeophyllaceae,Neolentinus,"1,3-dihydroisobenzofuran-4,6-diol, 5-methoxyisobenzofuran-4,7(1H,3H)-dione"
Neonothopanus nambi (Speg.) R.H. Petersen & Krisai,71958,Basidiomycota,Agaricomycetes,Agaricales,Omphalotaceae,Neonothopanus,"1-O-Methylemodin, 1-epi-Nambinone B, 14-Epidihydrocochlioquinone B, 14-epicochlioquinone B, Aurisin A, Aurisin K, Carviolin, Nambinone B, Nambinone C, Nambinone D, Neobulgarone A, Neobulgarone B, Neobulgarone C, Neobulgarone D, Neobulgarone E, Neobulgarone F"
Omphalotus guepiniiformis (Berk.) Neda,2979956,Basidiomycota,Agaricomycetes,Agaricales,Omphalotaceae,Omphalotus,Illudin S
Omphalotus illudens (Schwein.) Bresinsky & Besl,85975,Basidiomycota,Agaricomycetes,Agaricales,Omphalotaceae,Omphalotus,"4α-hydroxydihydroilludin M, Acylfulvene, Dehydroilludin M, Illudacetalic acid, Illudalenol, Illudin A, Illudin B, Illudin D, Illudin E, Illudin M, Illudin S, Illudinine, Illudiolone, Illudol, Illudosin, Illudosone hemiacetal, Isoomphadione, Neoilludol, Omphadiol, illudalic acid"
Omphalotus japonicus (Kawam.) Kirchm. & O.K. Mill. [= Lampteromyces japonicus (Kawam.) Singer],72119,Basidiomycota,Agaricomycetes,Agaricales,Omphalotaceae,Omphalotus,"3β,5α,9α-trihydroxyergosta-7,22-diene-6-one, 4-O-Methylneoilludin A, 4-O-Methylneoilludin B, 5-Hydroxydichomitol, Illudin S, Neoilludin A, Neoilludin B, Neoilludin C, Tsukiyol A, Tsukiyol B, Tsukiyol C"
Omphalotus mexicanus  Guzmán & V. Mora,210148,Basidiomycota,Agaricomycetes,Agaricales,Omphalotaceae,Omphalotus,"Guanacastepene I, Guanacastepene J, Guanacastepene U, Illudaneol, Illudaneol B, Illudosin, Omphaderol"
Omphalotus nidiformis (Berk.) O.K. Mill.,71963,Basidiomycota,Agaricomycetes,Agaricales,Omphalotaceae,Omphalotus,"Illudin M, Illudin S, Illudosin"
Omphalotus olearius (DC.) Singer,72120,Basidiomycota,Agaricomycetes,Agaricales,Omphalotaceae,Omphalotus,"Illudin M, Illudosin"
Omphalotus olivascens var. indigo,210150,Basidiomycota,Agaricomycetes,Agaricales,Omphalotaceae,Omphalotus,"Illudin M, Illudin S"
Panaeolus cinctulus (Bolton) Sacc.,2259608,Basidiomycota,Agaricomycetes,Agaricales,Galeropsidaceae,Panaeolus,"Baeocystin, Norbaeocystin, Psilocin, Psilocybin"
Panaeolus cyanescens  Sacc. [= Copelandia cyanescens  (Berk. & Broome) Singer],181874,Basidiomycota,Agaricomycetes,Agaricales,Galeropsidaceae,Panaeolus,"Psilocin, Psilocybin"
Panaeolus papilionaceus var. retirugis  (Fr.) Gminder (= Panaeolus retirugis Fr.),2909144,Basidiomycota,Agaricomycetes,Agaricales,Galeropsidaceae,Panaeolus,"Paneolic acid, Paneolilludinic acid"
Paralepistopsis acromelalga (Ichimura) Vizzini [= Neoclitocybe acromelalga (Ichimura) Singer; Clitocybe acromelalga Ichimura],439023,Basidiomycota,Agaricomycetes,Agaricales,Clitocybaceae,Paralepistopsis,"Acromelic acid A, Acromelic acid B, Acromelic acid C, Acromelic acid D, Acromelic acid E, Clitidine, L-Stizolobic acid, gamma-Glutamyl-beta-cyanoalanine, β-cyano-L-alanine"
Paralepistopsis amoenolens (Malençon) Vizzini (= Clitocybe amoenolens Malençon),1144693,Basidiomycota,Agaricomycetes,Agaricales,Clitocybaceae,Paralepistopsis,Acromelic acid A
Paxillus atromentosus var. bambusinus,/,Basidiomycota,Agaricomycetes,Boletales,Paxillaceae,Paxillus,Leucomentin 3
Paxillus involutus (Batsch) Fr.,71150,Basidiomycota,Agaricomycetes,Boletales,Paxillaceae,Paxillus,"(22E,24R)-Ergosta-7,22-diene-3β,5α,6β-triol, (5Z)-3-(3,4-Dihydroxyphenyl)-5-[hydroxy(4-hydroxyphenyl)methylene]-2(5H)-furanone, 4-(3,4-Dihydroxyphenyl)-2-(4-hydroxyphenyl)-2-(2-pyrrolidon-5-yl)-4-cyclopentene-1,3-dione, Coumarin-pi, Involutin, Involutone, Muscarine"
Phaeolepiota aurea  (Matt.) Maire,182015,Basidiomycota,Agaricomycetes,Agaricales,Squamanitaceae,Phaeolepiota,Ostopanic acid
Phaeolus schweinitzii  (Fr.) Pat.,40476,Basidiomycota,Agaricomycetes,Polyporales,Phaeolaceae,Phaeolus,"Phaeolschidin A, Phaeolschidin B, Phaeolschidin C, Phaeolschidin D, Phaeolschidin E"
Pholiota lubrica  (Pers.) Singer,439024,Basidiomycota,Agaricomycetes,Agaricales,Strophariaceae,Pholiota,N-(1-cinnamoylpyrrolidin-2-yl)cinnamamide
Pholiota squarrosa (Vahl) P. Kumm.,75321,Basidiomycota,Agaricomycetes,Agaricales,Strophariaceae,Pholiota,"7-Methyl-1,3-dihydro-2-benzofuran-4,5,6-triol, Epicoccalone, Epicoccamide A, Epicoccamide B, Epicoccamide C, Epicoccamide D, Epicoccone A, Squarrosidine"
"Piscidiscina leucoxantha (Bres.) Dirks, Methven & A.N. Mill",1385992,Ascomycota,Pezizomycetes,Pezizales,Discinaceae,Piscidiscina,Gyromitrin
Pleurocybella porrigens (Pers.) Singer,71910,Basidiomycota,Agaricomycetes,Agaricales,Phyllotopsidaceae,Pleurocybella,"(2S)-2-Amino-3-hydroxy-3-methylbutanoic acid, (2S)-2-Amino-3-methoxy-3-methylbutanoic acid, (s)-2-Amino-3-ethoxy-3-methylbutanoic acid, 2-amino-3-methyl-3-[[3,4,5-trihydroxy-6-[3,4,5-trihydroxy-6-(hydroxymethyl)oxan-2-yl]oxyoxan-2-yl]methoxy]butanoic acid, Pleurocybellaziridin"
"Pluteus americanus (P. Banerjee & Sundb.) Justo, E.F. Malysheva & Minnis",1476758,Basidiomycota,Agaricomycetes,Agaricales,Pluteaceae,Pluteus,"Baeocystin, Norbaeocystin, Psilocin, Psilocybin"
Pluteus glaucotinctus E. Horak,908298,Basidiomycota,Agaricomycetes,Agaricales,Pluteaceae,Pluteus,"Aeruginascin, Baeocystin, Norbaeocystin, Psilocin, Psilocybin"
Pluteus salicinus (Pers.) P. Kumm.,181533,Basidiomycota,Agaricomycetes,Agaricales,Pluteaceae,Pluteus,"Aeruginascin, Baeocystin, Norbaeocystin, Psilocin, Psilocybin"
"Pseudomerulius curtisii (Berk.) Redhead & Ginns [= Meiorganum curtisii  (Berk.) Singer, J. García & L.D. Gómez]",693315,Basidiomycota,Agaricomycetes,Boletales,Tapinellaceae,Pseudomerulius,"Curtisian A, Curtisian B, Curtisian C, Curtisian D, Curtisian E, Curtisian F, Curtisian G, Curtisian H, Curtisian I, Curtisian J, Curtisian K, Curtisian L, Curtisian M, Curtisian N, Curtisian O, Curtisian P, Curtisian Q, Curtisian R, Curtisian S, Curtisian T, Curtisian U, Curtisian V"
"Pseudosperma niveivelatum (D.E. Stuntz ex Kropp, Matheny & L.J. Hutchison) Matheny & Esteve-Rav. (= Inocybe niveivelata D.E. Stuntz ex Kropp, Matheny & L.J. Hutchison)",1702266,Basidiomycota,Agaricomycetes,Agaricales,Inocybaceae,Pseudosperma,Muscarine
Pseudosperma spurium (Jacobsson & E. Larss.) Matheny & Esteve-Rav. (= Inocybe spuria Jacobsson & E. Larss.),685887,Basidiomycota,Agaricomycetes,Agaricales,Inocybaceae,Pseudosperma,Muscarine
Pseudosperma umbrinellum (Bres.) Matheny & Esteve-Rav. (= Inocybe umbrinella Bres.),239123,Basidiomycota,Agaricomycetes,Agaricales,Inocybaceae,Pseudosperma,"Muscarine, Phalloidin"
Psilocybe baeocystis Singer & A.H. Sm.,2126014,Basidiomycota,Agaricomycetes,Agaricales,Strophariaceae,Psilocybe,"Baeocystin, Norbaeocystin, Psilocin, Psilocybin"
"Psilocybe bohemica Sebek [= Psilocybe serbica var. bohemica  (Sebek) Borovika, Obornk & Noordel.]",1961130,Basidiomycota,Agaricomycetes,Agaricales,Strophariaceae,Psilocybe,"Baeocystin, Psilocybin"
Psilocybe caerulescens Murrill,891393,Basidiomycota,Agaricomycetes,Agaricales,Strophariaceae,Psilocybe,"Baeocystin, Psilocin, Psilocybin"
Psilocybe caerulipes (Peck) Sacc.,201085,Basidiomycota,Agaricomycetes,Agaricales,Strophariaceae,Psilocybe,"Aeruginascin, Baeocystin, Norbaeocystin, Psilocin, Psilocybin"
Psilocybe cubensis (Earle) Singer,181762,Basidiomycota,Agaricomycetes,Agaricales,Strophariaceae,Psilocybe,"Aeruginascin, Baeocystin, Norbaeocystin, Psilocin, Psilocybin"
Psilocybe cyanescens Wakef.,93625,Basidiomycota,Agaricomycetes,Agaricales,Strophariaceae,Psilocybe,"Aeruginascin, Baeocystin, Norbaeocystin, Psilocin, Psilocybin"
Psilocybe medullosa (Bres.) Borov. (= Galerina medullosa; Phaeogalera medullosa),1295541,Basidiomycota,Agaricomycetes,Agaricales,Strophariaceae,Psilocybe,"Baeocystin, Norbaeocystin, Psilocin, Psilocybin"
Psilocybe mexicana R. Heim,891396,Basidiomycota,Agaricomycetes,Agaricales,Strophariaceae,Psilocybe,"Aeruginascin, Baeocystin, Norbaeocystin, Psilocin, Psilocybin"
Psilocybe ovoideocystidiata Guzmán & Gaines,1234798,Basidiomycota,Agaricomycetes,Agaricales,Strophariaceae,Psilocybe,"Aeruginascin, Baeocystin, Norbaeocystin, Psilocin, Psilocybin"
"Psilocybe samuiensis  Guzmán, Bandala & J. W. Allen",381285,Basidiomycota,Agaricomycetes,Agaricales,Strophariaceae,Psilocybe,"Baeocystin, Psilocin, Psilocybin"
Psilocybe semilanceata (Fr.) P. Kumm.,181775,Basidiomycota,Agaricomycetes,Agaricales,Strophariaceae,Psilocybe,"Aeruginascin, Baeocystin, Norbaeocystin, Psilocin, Psilocybin"
Psilocybe serbica M.M. Moser & E. Horak,797126,Basidiomycota,Agaricomycetes,Agaricales,Strophariaceae,Psilocybe,"Baeocystin, Norbaeocystin, Psilocin, Psilocybin"
Psilocybe subaeruginosa Cleland,181776,Basidiomycota,Agaricomycetes,Agaricales,Strophariaceae,Psilocybe,"Baeocystin, Psilocin, Psilocybin"
Psilocybe zapotecorum R. Heim,1418860,Basidiomycota,Agaricomycetes,Agaricales,Strophariaceae,Psilocybe,"Aeruginascin, Baeocystin, Norbaeocystin, Psilocin, Psilocybin"
Pulveroboletus ravenelii (Berk. et M.A. Curtis) Murrill,80668,Basidiomycota,Agaricomycetes,Boletales,Boletaceae,Pulveroboletus,"Isoravenelone, Methylated isoravenelone, Methylated ravenelone, Pulveraven A, Pulveraven B, Pulverolide, Ravenelone, Vulpinic acid"
Ramaria formosa (Pers.) Quél.,104235,Basidiomycota,Agaricomycetes,Gomphales,Gomphaceae,Ramaria,"Axinysone A, Methyl (1S,2R,4aR,5R,6S,8aR)-decahydro-6-hydroxy-5-(hydroxymethyl)-2,5,8a-trimethyl-1-naphthaleneacetate, Methyl (2E)-5-[(1S,2R,4aR,5R,6S,8aR)-decahydro-6-hydroxy-5-(hydroxymethyl)-2,5,8a-trimethyl-1-naphthalenyl]-3-methyl-2-pentenoate (ACI), Nambinone A, Ramarin A, Ramarin B, ent-Aristolone"
Russula emetica (Schaeff.) Pers.,152958,Basidiomycota,Agaricomycetes,Russulales,Russulaceae,Russula,"1aH-Azuleno[5,6-c]oxireno[b]furan-3(3aH)-one, octahydro-9-hydroxy-5-methoxy-5,7,7-trimethyl-, [1aS-(1aα,3aα,5α,5aα,8aα,9α,9aR*)]- (9CI), Lactarorufin A, Methoxyfuranalcohol, Muscarine, Phallacidin, Phalloidin, α-Amanitin, β-Amanitin"
Russula foetens Pers.,131541,Basidiomycota,Agaricomycetes,Russulales,Russulaceae,Russula,"(1R,2R)-1-phenylpropane-1,2-diol, (22E,24R)-5α,8α-epidioxyergosta-6,22-dien-3β-ol, 13-hydroxymarasm-7(8)-en-5-methoxy g-acetal, 7α,8α-Dihydroxy-5,13-marasmanolide, 8a,13-dihydroxy-marasm-5-oic acid g-lactone, Lactapiperanol A, Lactapiperanol E, Russulfoen"
Russula japonica Hongo,258984,Basidiomycota,Agaricomycetes,Russulales,Russulaceae,Russula,"Russujaponol A, Russujaponol B, Russujaponol C, Russujaponol D, Russujaponol E, Russujaponol F, Russujaponol G, Russujaponol H, Russujaponol I, Russujaponol J, Russujaponol K, Russujaponol L"
Russula nigricans Fr.,152964,Basidiomycota,Agaricomycetes,Russulales,Russulaceae,Russula,"7α,8α-Dihydroxy-5,13-marasmanolide, Cycloprop[e]inden-2(1H)-one, octahydro-3-hydroxy-1a-(hydroxymethyl)-5,5,6b-trimethyl-, [1aR-(1aα,3β,3aβ,6aβ,6bα)]- (9CI), Isolactarorufin, Lactarorufin A, Lactarorufin A methyl ether, Methoxyfuranalcohol, Nigricanin, Russulanigrin A, Russulanigrin B, Russulanigrin C, Russulanigrin D"
Russula queletii  Fr.,152968,Basidiomycota,Agaricomycetes,Russulales,Russulaceae,Russula,"(+)-Pipertriol, Piperalol, Piperdial"
Russula sanguinea  Fr.,176825,Basidiomycota,Agaricomycetes,Russulales,Russulaceae,Russula,"Sangusulactone A, Sangusulactone B, Sangusulactone C"
Russula subnigricans Hongo,258989,Basidiomycota,Agaricomycetes,Russulales,Russulaceae,Russula,"(22E,24R)-5α,8α-epidioxyergosta-6,22-dien-3β-ol, (22E,24R)-Ergosta-7,22-diene-3β,5α,6α,9α-tetrol, (22E,24R)-Ergosta-7,22-diene-3β,5α,6β,9α-tetrol, (22E,24R)-Ergosta-7,22-diene-3β,5α,6β-triol, (2S,3R)-3-Hydroxybaikiain, Cycloprop-2-ene carboxylic acid, Levocarnitine, Russuphelin A, Russuphelin B, Russuphelin C, Russuphelin D, Russuphelin E, Russuphelin F, Russuphelin G, Russuphelol"
Sarcodon imbricatus  (L.) P. Karst.,57136,Basidiomycota,Agaricomycetes,Thelephorales,Thelephoraceae,Sarcodon,"2′,3′-Diacetoxy-4,5,5′,6′,4′′,5′′-hexahydroxy-p-terphenyl"
Sarcosphaera coronaria  (Jacq.) J. Schröt.,49973,Ascomycota,Pezizomycetes,Pezizales,Pezizaceae,Sarcosphaera,"1,2-dilinolenoyl glycerol, N-(1,3,4-trihydroxycosane-2-yl) tetracosanamide, N-(1,3,4-trihydroxyoctadecan-2-yl) tetracosanamide, N-dodecanoyl-N-(ethylsulfinyl) hexadecanamide"
Sarcosphaera crassa  (Santi) Pouzar,265113,Ascomycota,Pezizomycetes,Pezizales,Pezizaceae,Sarcosphaera,"(22E,24R)-5α,8α-epidioxyergosta-6,22-dien-3β-ol, (2S)-4-(aziridine-1-yl)-4-oxobutan-2-yl hexadecanoate, (3β, 22E) ergosta-5, 22-dienyl 3-O-α-yl decanoate (Brassicasteryl decanoate), Brassicasteryl linoleate, Ergosta-5,22-dien-3β-ol, Nigerasterol A, bis (2- ethylpentadecyl) benzene-1,2-dicarboxylate"
Scleroderma citrinum  Pers.,68788,Basidiomycota,Agaricomycetes,Boletales,Sclerodermataceae,Scleroderma,"(20S,22S,23E)-22-O-Acetyl-25-hydroxylanosta-8,23(E)-dien-3-one"
Stropharia aeruginosa  (Curtis) Quél.,109659,Basidiomycota,Agaricomycetes,Agaricales,Strophariaceae,Stropharia,"Aeruginosol A, Aeruginosol B, Aeruginosol C, Methyl aeruginosate A, Methyl aeruginosate B, Methyl aeruginosate C"
Suillellus luridus (Schaeff.) Murrill (= Boletus luridus Schaeff.),121041,Basidiomycota,Agaricomycetes,Boletales,Boletaceae,Suillellus,Muscarine
Suillus luteus  (L.) Roussel,5384,Basidiomycota,Agaricomycetes,Boletales,Suillaceae,Suillus,Suillumide
Suillus placidus  (Bonord.) Singer,48579,Basidiomycota,Agaricomycetes,Boletales,Suillaceae,Suillus,Suillin
"Sutorius eximius (Peck) Halling, M. Nuhn & Osmundson [= Tylopilus eximius (Peck) Singer; Ceriomyces eximius; Leccinum eximium]",121037,Basidiomycota,Agaricomycetes,Boletales,Boletaceae,Sutorius,"(±)-Tylopilusin A, (±)-Tylopilusin B, Tylopilusin C"
Tapinella atrotomentosa (Batsch) Šutara [= Paxillus atrotomentosus (Batsch) Fr.],72122,Basidiomycota,Agaricomycetes,Boletales,Tapinellaceae,Tapinella,"20-Hydroxyecdysone, 25-Hydroxyatrotosterone A, 25-Hydroxyatrotosterone B, Atrotosterone A, Atrotosterone B, Atrotosterone C, Flavomentin A, Flavomentin B, Flavomentin C, Paxillosterone, Paxillosterone 20,22-p-hydroxybenzylidene acetal, Spiromentin B, Spiromentin C, Spiromentin E, Spiromentin F, Spiromentin G, Spiromentin H, Spiromentin I, Spiromentin J"
Tapinella panuoides (Fr.) E.-J. Gilbert (= Paxillus panuoides Fr.),80604,Basidiomycota,Agaricomycetes,Boletales,Tapinellaceae,Tapinella,"20-Hydroxyecdysone, 25-Hydroxypanuosterone, Leucomentin 2, Leucomentin 4, Leucomentin 5, Leucomentin 6, Malacosterone, Panuosterone, Paxillamide, Paxillosterone, Ponasterone A, Turkesterone"
Thaxterogaster vibratilis  (Fr.) Niskanen & Liimat. [= Cortinarius vibratilis  (Fr.) Fr.],47332,Basidiomycota,Agaricomycetes,Agaricales,Cortinariaceae,Thaxterogaster,Vibratilicin
Trichoderma cornu-damae (Pat.) Z.X. Zhu & W.Y. Zhuang [= Podostroma cornu-damae (Pat.) Boedijn],654480,Ascomycota,Sordariomycetes,Hypocreales,Hypocreaceae,Trichoderma,"12′-Episatratoxin H, Miophytocen D, Roridin D, Roridin E, Roridin F, Roridin L 2, Satratoxin H, Satratoxin H 12',13'-diacetate, Satratoxin H 12'-acetate, Satratoxin H 13'-acetate, Satratoxin I, Trichoverritone, Verrucarin J"
Tricholoma acerbum  (Bull. ex Pers.) Quél.,181706,Basidiomycota,Agaricomycetes,Agaricales,Tricholomataceae,Tricholoma,"Tricholomenyn A, Tricholomenyn B, Tricholomenyn C, Tricholomenyn D, Tricholomenyn E"
Tricholoma flavovirens  (Pers.) S. Lundell,80606,Basidiomycota,Agaricomycetes,Agaricales,Tricholomataceae,Tricholoma,"4-Methoxymethyl-2-methylindole, Trichoglutamide A, Trichoglutamide B, Trichoglutamide C"
Tricholoma kakishimeji W. Aoki & A. Yamada,3366396,Basidiomycota,Agaricomycetes,Agaricales,Tricholomataceae,Tricholoma,"2-[5-[2-(2-Hydroxyethylamino)-2-oxo-1-phenylethylidene]-1,3-dioxolan-4-ylidene]-2-phenylacetic acid, 2-[5-[2-(carboxymethylamino)-2-oxo-1-phenylethylidene]-1,3-dioxolan-4-ylidene]-2-phenylacetic acid, L-Proline, 1-[[5-(carboxyphenylmethylene)-1,3-dioxolan-4-ylidene]phenylacetyl]- (9CI), Ustalic acid"
Tricholoma pardinum (Pers.) Quél.,54540,Basidiomycota,Agaricomycetes,Agaricales,Tricholomataceae,Tricholoma,"Pardinol A, Pardinol B, Pardinol C, Pardinol D, Pardinol E, Pardinol F, Pardinol G, Pardinol H, Saponaceol B"
Tricholoma saponaceum (Fr.) P. Kumm.,113602,Basidiomycota,Agaricomycetes,Agaricales,Tricholomataceae,Tricholoma,"Saponaceoic acid I, Saponaceoic acid II, Saponaceoic acid III, Saponaceolide A, Saponaceolide C, Saponaceolide E, Saponaceolide F, Saponaceolide G, Saponaceolide H, Saponaceolide T"
Tricholoma sciodes  (Pers.) C. Martín,181717,Basidiomycota,Agaricomycetes,Agaricales,Tricholomataceae,Tricholoma,"2,4-Dimethylindole, 4-Hydroxymethyl-2-methylindole"
Tricholoma sulphureum  (Bull.) P. Kumm.,181718,Basidiomycota,Agaricomycetes,Agaricales,Tricholomataceae,Tricholoma,"Trichoglutamide A, Trichoglutamide B, Trichoglutamide C"
Tricholoma terreum (Schaeff.) P. Kumm.,76328,Basidiomycota,Agaricomycetes,Agaricales,Tricholomataceae,Tricholoma,"Saponaceol D, Saponaceolide B, Saponaceolide H, Saponaceolide I, Saponaceolide J, Saponaceolide K, Saponaceolide L, Saponaceolide M, Saponaceolide N, Saponaceolide O, Saponaceolide P, Terreolide A, Terreolide B, Terreolide C, Terreolide D, Terreolide E, Terreolide F"
Tricholoma ustale (Fr.) P. Kumm.,113601,Basidiomycota,Agaricomycetes,Agaricales,Tricholomataceae,Tricholoma,"2-[5-[2-(2-Hydroxyethylamino)-2-oxo-1-phenylethylidene]-1,3-dioxolan-4-ylidene]-2-phenylacetic acid, 2-[5-[2-(carboxymethylamino)-2-oxo-1-phenylethylidene]-1,3-dioxolan-4-ylidene]-2-phenylacetic acid, 4,8-Diphenyl-[1,3]dioxolo[4,5-d]azepine-5,7-dione, L-Proline, 1-[[5-(carboxyphenylmethylene)-1,3-dioxolan-4-ylidene]phenylacetyl]- (9CI), Ustalic acid"
Tricholoma ustaloides Romagn.,181719,Basidiomycota,Agaricomycetes,Agaricales,Tricholomataceae,Tricholoma,"Saponaceolide F, Saponaceolide J, Tricholidic acid, Tricholidic acid B, Tricholidic acid C"
Tricholoma virgatum  (Fr.) P. Kumm,373329,Basidiomycota,Agaricomycetes,Agaricales,Tricholomataceae,Tricholoma,"4-Hydroxymethyl-2-methylindole, 4-Methoxymethyl-2-methylindole"
Tricholomopsis rutilans  (Schaeff.) Singer,151294,Basidiomycota,Agaricomycetes,Agaricales,Agaricales incertae sedis,Tricholomopsis,"(2S)-2-Amino-4-hexynoic acid, (2S,3S)-2-Amino-3-hydroxy-4-hexynoic acid, 3β,5α-dihydroxy-(22E,24R)-ergosta-22-en-7-one-6β-yl oleate, 3β,5α-dihydroxy-(22E,24R)-ergosta-7,22-dien-6β-yl oleate, L-3-(3-Carboxyfuran-4-yl)alanine, L-threo-2-Amino-3-hydroxyhex-4-ynoic acid"
"Trogia venenata Zhu L. Yang, Y.C. Li & L.P. Tang",1235292,Basidiomycota,Agaricomycetes,Agaricales,Porotheleaceae,Trogia,"(2R)-2-Amino-5-hexynoic acid, (2R,4S)-2-Amino-4-hydroxy-5-hexynoic acid, Phragmunis A"
Turbinellus floccosus (Schwein.) Earle ex Giachini & Castellano [= Gomphus floccosus  (Schwein.) Singer],288723,Basidiomycota,Agaricomycetes,Gomphales,Gomphaceae,Turbinellus,Norcaperati acid
Turbinellus kauffmanii (A.H. Sm.) Giachini [= Gomphus kauffmanii (A.H. Sm.) Corner],288728,Basidiomycota,Agaricomycetes,Gomphales,Gomphaceae,Turbinellus,Norcaperati acid
Tylopilus felleus (Bull.) P. Karst.,98230,Basidiomycota,Agaricomycetes,Boletales,Boletaceae,Tylopilus,"2-Butyl-1-azacyclohexene iminium salt, Muscarine"
Tylopilus neofelleus  Hongo,1089184,Basidiomycota,Agaricomycetes,Boletales,Boletaceae,Tylopilus,"Tylopeptin A, Tylopeptin B"
